order_id,customer_email,region,amount,order_date,paid
1001,anna@example.com,EU,120.50,2026-01-05,true
1002,ben@example.com,EU,79.50,2026-01-06,true
1002,ben2@example.com,EU,15.00,2026-01-06,true
1003,cara@example.com,US,-300.00,2026-01-07,false
1004,dan@example.com,US,49.99,03/04/2026,true
0007,eva@example.com,APAC,10.01,2026-01-09,true
1006,finn@example.com,MARS,0.01,2026-01-10,true
1007,gia@example.com,APAC,12,50,2026-01-11,false
1008,hugo@example.com,APAC,0.20,2026-01-12,true
1009,=cmd|'/c calc'!A1,US,5.00,2026-01-13,true
